{
  "src/content/wiki/claude-skill-feedback-loop.md": 1776053434.5180092,
  "src/content/wiki/code-quality.md": 1776150768.7631793,
  "src/content/wiki/agent-orchestration.md": 1776727345.9296381,
  "src/content/wiki/documentation-policy.md": 1776727345.9302187,
  "src/content/wiki/llm-wiki-pattern.md": 1776150768.7649164,
  "src/content/wiki/git-workflow-patterns.md": 1776150768.7636905,
  "src/content/wiki/ios-ui-layout.md": 1776730916.1335468,
  "src/content/wiki/knowledge-capture.md": 1776727345.9309642,
  "src/content/wiki/logging-standards.md": 1776727345.9311862,
  "src/content/wiki/game-server-request-context.md": 1776090580.586951,
  "src/content/wiki/coordinator-setup-phase.md": 1776730916.8913946,
  "src/content/wiki/getting-started.md": 1776053409.188987,
  "src/content/wiki/service-rpc-topology.md": 1776728679.3121893,
  "src/content/wiki/merge-per-task.md": 1776727345.931657,
  "src/content/wiki/design-data-in-engine.md": 1776090580.5866072,
  "src/content/wiki/precomputed-timeline-dispatch.md": 1776731083.7667916,
  "src/content/wiki/tera-lockfree-architecture.md": 1776732381.898453,
  "src/content/wiki/redis-leaderboard-snapshot.md": 1776130797.2641168,
  "src/content/wiki/graphify.md": 1776727345.9305456,
  "src/content/wiki/ios-app-development.md": 1776053419.1981475,
  "src/content/wiki/main-session-per-ticket.md": 1776727345.9314613,
  "src/content/wiki/observable-range-sync.md": 1776730916.8916278,
  "src/content/wiki/orleans-9-questions.md": 1777128404.0776973,
  "src/content/wiki/claude-workflow-tiers.md": 1776727345.9299674,
  "src/content/wiki/ios-data-persistence.md": 1776150768.7641888,
  "src/content/wiki/leaderboard-snapshot.md": 1776090580.587271,
  "raw/documentation-policy.md": 1776727345.92382,
  "raw/git-workflow-patterns.md": 1776150768.7591028,
  "raw/knowledge-capture.md": 1776727345.9243796,
  "raw/logging-standards.md": 1776727345.9246247,
  "raw/README.md": 1776053193.1943853,
  "raw/ios-ui-layout-patterns.md": 1776727345.9241076,
  "raw/agent-orchestration-patterns.md": 1776727345.9231255,
  "raw/code-quality-principles.md": 1776150768.7587442,
  "raw/llm-wiki.md": 1776150768.7602894,
  "raw/graphify.md": 1776150768.7593803,
  "raw/claude-workflow-tiers.md": 1776727345.923467,
  "raw/ios-data-persistence.md": 1776150768.7595835
}