{
  "src/content/wiki/ios-app-development.md": 1776053419.1981475,
  "raw/agent-orchestration-patterns.md": 1776242163.8767262,
  "raw/claude-workflow-tiers.md": 1776242152.3700676,
  "src/content/wiki/llm-wiki-pattern.md": 1776150768.7649164,
  "src/content/wiki/main-session-per-ticket.md": 1776694492.9527965,
  "src/content/wiki/leaderboard-snapshot.md": 1776090580.587271,
  "src/content/wiki/ios-ui-layout.md": 1776150768.764628,
  "raw/code-quality-principles.md": 1776150768.7587442,
  "raw/ios-data-persistence.md": 1776150768.7595835,
  "src/content/wiki/game-server-request-context.md": 1776090580.586951,
  "src/content/wiki/documentation-policy.md": 1776150768.7634015,
  "raw/documentation-policy.md": 1776242157.5814617,
  "raw/ios-ui-layout-patterns.md": 1776242217.0685382,
  "src/content/wiki/git-workflow-patterns.md": 1776150768.7636905,
  "src/content/wiki/merge-per-task.md": 1776698010.9867842,
  "src/content/wiki/getting-started.md": 1776053409.188987,
  "src/content/wiki/graphify.md": 1776663422.020304,
  "raw/graphify.md": 1776150768.7593803,
  "raw/git-workflow-patterns.md": 1776150768.7591028,
  "raw/logging-standards.md": 1776242238.6803763,
  "src/content/wiki/code-quality.md": 1776150768.7631793,
  "raw/README.md": 1776053193.1943853,
  "raw/llm-wiki.md": 1776150768.7602894,
  "src/content/wiki/design-data-in-engine.md": 1776090580.5866072,
  "src/content/wiki/claude-workflow-tiers.md": 1776150768.762891,
  "src/content/wiki/claude-skill-feedback-loop.md": 1776053434.5180092,
  "src/content/wiki/redis-leaderboard-snapshot.md": 1776130797.2641168,
  "src/content/wiki/agent-orchestration.md": 1776150768.762706,
  "raw/knowledge-capture.md": 1776242258.7552578,
  "src/content/wiki/ios-data-persistence.md": 1776150768.7641888
}